RiskPulse_Parameter,RiskPulse_Value,Reference_Value,Absolute_Diff,Relative_Error_Pct,Units,Tolerance,Comparison_Result,Discrepancy_Category
Basin_Area,8.24,8.28,-0.04,-0.48%,km2,+-1.0%,PASS,Category B (Geodesic Model)
Basin_Perimeter,14.12,14.18,-0.06,-0.42%,km,+-1.0%,PASS,Category B (Geodesic Model)
Basin_Length,4.18,4.20,-0.02,-0.48%,km,+-1.0%,PASS,Category B (Geodesic Model)
Total_Stream_Length,4.32,4.35,-0.03,-0.69%,km,+-1.0%,PASS,Category B (Geodesic Model)
Drainage_Density,0.524,0.525,-0.001,-0.19%,km/km2,+-1.0%,PASS,Category B (Geodesic Model)
Stream_Frequency,0.243,0.242,+0.001,+0.41%,str/km2,+-1.0%,PASS,Category A (Precision)
Bifurcation_Ratio_Order_1_2,2.000,2.000,0.000,0.00%,dimensionless,Exact,PASS,Identical
Mean_Bifurcation_Ratio,2.000,2.000,0.000,0.00%,dimensionless,Exact,PASS,Identical
Form_Factor,0.472,0.469,+0.003,+0.64%,dimensionless,+-1.0%,PASS,Category B (Geodesic Model)
Circularity_Ratio,0.520,0.518,+0.002,+0.38%,dimensionless,+-1.0%,PASS,Category B (Geodesic Model)
Elongation_Ratio,0.775,0.773,+0.002,+0.26%,dimensionless,+-1.0%,PASS,Category B (Geodesic Model)
Max_Elevation,1212.0,1212.0,0.0,0.00%,meters,Exact,PASS,Identical
Min_Elevation,800.0,800.0,0.0,0.00%,meters,Exact,PASS,Identical
Basin_Relief,412.0,412.0,0.0,0.00%,meters,Exact,PASS,Identical
Relief_Ratio,0.0985,0.0981,+0.0004,+0.41%,dimensionless,+-1.0%,PASS,Category B (Geodesic Model)
Ruggedness_Number,0.216,0.216,0.000,0.00%,dimensionless,+-1.0%,PASS,Category A (Precision)
Stream_Counts_By_Order,{1:2, 2:1},{1:2, 2:1},0,0.00%,counts,Exact,PASS,Identical
Total_Stream_Length_By_Order,{1:2.0, 2:2.32},{1:2.01, 2:2.34},-0.02,-0.85%,km,+-1.0%,PASS,Category B (Geodesic Model)
